Species,Length (m),Weight (tons),Blubber Thickness (cm),Fin Size (m),Dive Depth (m),Swim Speed (km/h),Lung Capacity (L),Gestation Period (months),Lifespan (years)
Humpback Whale,21.54135409,56.28294191,33.31759426,5.74227322,586.788325,24.1946113,1606.838434,10.47496152,68.74703556
Humpback Whale,20.90032727,38.46349555,30.05429549,5.126974376,560.3177016,20.39727829,1568.779286,14.07260578,74.82480497
Sperm Whale,24.1703263,53.07558549,31.70533307,5.425682369,678.9285226,22.58594647,1609.073655,10.80893013,71.69010291
Sperm Whale,25.5692594,67.5559205,41.9600439,7.090994933,771.0451737,24.91357612,2081.816479,13.80106615,85.95989099
Gray Whale,18.64319968,41.14168579,28.39790349,4.996538817,505.4248564,16.87905924,1536.235428,15.39887197,88.47017232
Gray Whale,18.78166756,50.19000017,28.6328775,5.07334562,439.5299967,20.73295482,1466.142874,11.19640995,48.98753356
Blue Whale,24.97240075,76.60430795,40.89170574,7.221835749,699.0647274,28.1443945,2032.472063,13.36272465,87.37545001
Blue Whale,22.15108697,65.30302601,35.07104064,6.115352468,591.9149518,19.97827934,1715.772451,9.692615437,46.27327146
Gray Whale,17.11796169,43.29909301,29.08942695,3.536851548,493.639049,21.30178041,1439.29273,13.5094666,81.75711776
Gray Whale,21.40244261,63.96435121,33.82960859,5.635325465,583.9611538,23.31838262,1547.598523,12.39884797,82.39477569
Fin Whale,18.11164434,45.18232497,25.99461909,4.750065043,404.4156163,20.94551852,1240.791381,12.94607656,31.77366217
Sperm Whale,18.37129572,42.7258131,27.92862853,4.589007878,401.1767345,15.45282549,1297.23881,10.70885586,71.85958493
Blue Whale,22.51834958,49.83653394,29.16432121,5.613276268,638.7600384,18.23620078,1708.452171,8.677833169,60.63007773
Sperm Whale,11.34852498,25.52828863,18.73743794,2.154966477,236.9075017,12.0489404,868.328678,13.00650413,54.82469484
Sperm Whale,14.08465107,27.36010192,19.58403302,2.416154831,300.4538018,14.10589752,799.4741828,7.873193695,97.01704661
Gray Whale,17.53686104,44.10463076,26.21004111,3.826408136,390.8359842,21.34357153,1272.168594,11.36529902,56.92641719
Fin Whale,15.89921181,38.64889646,23.66593826,3.83016753,332.4716228,17.36083335,1084.076793,13.88236373,53.87246142
Humpback Whale,21.93180882,53.78619809,28.1217859,5.681857471,480.7323924,20.77162678,1539.007667,12.38379547,71.5138988
Fin Whale,15.24518168,41.28840194,23.45440573,3.883973311,410.4023877,14.31516528,1280.080529,15.89668529,83.71179493
Fin Whale,14.73319494,39.00558696,21.71186759,2.618527027,187.3963562,16.81078634,868.5193916,14.05021831,67.16702828
Sperm Whale,26.02904728,72.3355559,39.1136054,6.121801693,774.6555566,23.93318422,2173.855155,10.69220322,93.32741091
Fin Whale,19.58934606,39.86619455,26.58999192,5.209911905,404.4951395,22.35383191,1503.801264,12.05462676,80.61951324
Blue Whale,20.55928146,38.04073278,32.93658491,4.861873579,482.7117355,19.70134352,1632.721039,11.90525859,26.43577361
Sperm Whale,16.7563074,37.57462132,19.71916119,2.431489839,201.6822049,17.4821714,955.0441836,8.835646473,59.41066073
Blue Whale,17.18472912,36.63301381,28.67261805,4.530165369,371.6173466,19.18033168,1294.471975,10.11920217,58.76315801
Humpback Whale,19.9126934,50.20724407,31.51992426,4.970377565,493.009931,20.16969938,1395.507725,10.87847819,79.58721907
Sperm Whale,14.77288516,30.33751194,21.80158392,3.803477826,265.4077163,14.35723295,1044.686007,7.927558994,17.50365887
Humpback Whale,20.94731495,45.49847403,35.8048099,5.872050002,609.2923389,20.82097632,1680.859791,12.09498694,120.9801942
Sperm Whale,16.96005811,45.49964936,24.0088942,4.440826627,336.6418962,18.45407863,1419.382765,11.50185631,80.6205219
Gray Whale,20.02224153,50.2954508,30.08814585,3.87948152,458.5221964,18.98753799,1287.191506,8.654212197,72.97753608
Fin Whale,19.0136778,39.89696865,28.39092496,4.703412074,452.5907674,16.40555073,1252.852092,12.80842573,93.63135433
Gray Whale,26.83836644,59.27212675,39.77242869,7.909042542,807.750255,27.07784992,2133.167443,13.43174549,116.8730811
Humpback Whale,19.11365553,47.10681106,32.70394725,4.795115593,461.674555,20.10316516,1355.697051,12.45406896,87.41493289
Fin Whale,16.24057184,39.26648888,23.1536414,3.48512784,298.0858015,11.5116881,1188.936099,11.35186365,88.97626193
Sperm Whale,22.7379566,52.4759811,35.51265673,5.345699752,707.0443446,24.20651588,1715.491686,13.1828843,72.61380049
Fin Whale,15.74955722,36.2666758,23.19558178,3.373060931,289.9535246,13.15718295,1053.165687,13.36044072,67.16948493
Blue Whale,21.0383774,52.42981389,30.98456409,4.798609638,511.0347324,18.52878957,1527.907321,12.61480714,60.48409112
Fin Whale,10.64557539,29.38041601,19.8635958,1.384159671,171.4532103,8.78663081,735.1816061,10.3507755,53.47776017
Blue Whale,16.23476101,34.65966926,23.61786115,2.246541334,205.8119037,11.09947081,1034.430384,12.55320153,56.25971801
Fin Whale,22.58332262,47.49699013,27.68410347,5.851636041,569.502998,18.07654994,1547.340475,14.3909613,42.98888071
Blue Whale,22.34107763,64.84445647,37.03947997,5.793068173,653.3543498,21.5358244,1721.277515,10.80674188,68.48257099
Humpback Whale,20.29777156,51.26377151,27.70322571,6.023916277,515.4558671,24.5919914,1487.132736,16.19587868,36.30664846
Gray Whale,19.82327226,48.47569791,31.37120271,4.558626845,437.2540192,18.48564752,1491.475568,10.94873813,73.81833048
Sperm Whale,19.13004201,41.72041586,30.4467881,3.694665478,401.4672887,19.15108543,1559.975433,12.06481403,69.27338784
Fin Whale,14.74445631,30.04132486,18.9469352,2.223954794,260.6069086,14.88687481,996.5060267,10.65502881,72.93870597
Gray Whale,19.13082771,36.93785593,24.85930617,4.538139497,431.8770676,17.38275354,1347.666349,12.44654167,59.5573686
Sperm Whale,17.98049769,43.60760445,25.02475804,4.231092755,385.2196339,18.00255799,1199.754238,8.515556615,131.5372074
Sperm Whale,23.43019166,71.24400912,35.9128913,6.311539691,713.2013359,21.83790138,1885.768923,10.9079164,97.202318
Blue Whale,19.99515393,47.26391376,31.44564117,5.595436547,457.4999412,24.27632825,1510.529569,9.815757599,45.10915
Humpback Whale,12.21690934,20.77571115,20.98108013,2.606331135,153.4218855,16.56223267,735.2434529,12.2706767,74.65736175
Humpback Whale,21.2632089,61.24485927,34.56512131,6.044825362,556.7821678,17.93101849,1539.492249,13.98889475,57.83987714
Gray Whale,20.25422874,44.33239425,30.48087394,5.146626194,385.2010187,16.4116137,1484.411135,13.29201237,49.71040547
Humpback Whale,16.7747007,38.5315723,24.81413195,3.804732677,331.3287212,16.73269131,1358.078883,7.256681278,43.19855858
Fin Whale,22.67049311,62.5396389,33.25161399,5.25449059,576.7127542,20.51762957,1738.387173,16.08413931,78.64433382
Humpback Whale,24.10757519,59.34391657,32.81912075,6.339766703,700.1895505,25.1359292,1707.579777,12.59055988,56.3723953
Gray Whale,24.91351375,70.30541,33.97594058,6.527060432,658.2639705,22.26857607,1806.319977,10.44700172,89.35652048
Humpback Whale,19.17006233,43.31901908,26.89439813,3.259294252,237.0292842,20.97324204,1236.443868,12.31425584,89.87564429
Fin Whale,18.23228172,43.84989445,31.37589139,4.057605979,338.3067647,21.14424769,1409.329291,12.35237965,97.4782877
Blue Whale,20.83561428,64.76170224,29.51888284,5.668789088,529.2841588,21.75020179,1431.562843,10.66630257,52.95226468
Gray Whale,24.94634139,58.67796691,34.66834224,6.438991515,698.4824522,25.95615304,1752.40901,12.39583333,79.50731221
Blue Whale,18.76519454,47.96038601,27.07214306,4.297637141,276.3733951,20.2951039,1325.88124,10.78505542,82.64908433
Blue Whale,21.10407142,49.26855518,29.44636846,4.342263868,441.5948754,18.12946912,1488.648449,11.19127601,60.5164365
Blue Whale,16.15858829,43.23268676,21.74278312,3.225297182,274.5473119,13.94222561,893.169977,10.62744173,54.56456085
Sperm Whale,14.85588141,43.45307649,23.67088234,2.743573492,354.0996966,15.37145963,1065.115284,9.134657421,102.1904133
Sperm Whale,23.84075812,59.91033061,33.92747624,6.663887939,627.0035574,24.97337554,1798.688915,12.29167294,74.54991751
Blue Whale,26.53366369,62.50779099,38.10853563,7.55198471,763.2726544,25.70308091,2059.645209,13.17059887,82.71935501
Gray Whale,20.53244169,51.43573926,30.66050777,3.968890887,494.1010351,16.55796655,1544.082216,13.02976719,53.55847976
Fin Whale,24.52140562,58.65381793,36.03404193,6.040543917,574.1075976,22.4084827,1909.493646,13.63985051,45.61431067
Fin Whale,22.51321879,64.40656854,31.29704437,4.79418941,603.5048453,21.29859837,1546.578558,12.64868042,58.61100451
Humpback Whale,18.58881657,42.9412396,25.91006186,3.707308401,394.6482694,17.26818977,1083.407872,10.934549,67.51957225
Gray Whale,22.82774141,52.51013951,31.99164771,5.500374423,590.464641,25.39066678,1587.183186,13.67932773,48.71559986
Sperm Whale,26.80085615,69.37984033,38.48819734,6.58223224,973.1584673,23.38017038,2138.475981,9.28496492,69.80310383
Blue Whale,19.68957776,42.83445608,29.26745164,4.485331035,389.345666,20.86787433,1626.806339,10.19865723,36.22989624
Humpback Whale,26.40528831,63.91765368,42.58515628,6.844986798,867.8706905,29.23680084,2118.68019,10.07159986,47.59905155
Fin Whale,10.72752855,24.56512829,15.40336827,1.174016009,14.07350529,14.06391907,626.0232958,14.16011212,83.41822497
Sperm Whale,22.47067435,56.57835866,34.34045439,6.267525925,662.308896,22.47881517,1825.629841,13.88557703,82.07581041
Sperm Whale,20.71686158,45.81000991,31.91619122,4.769701826,513.39286,21.33104718,1474.854599,12.97461047,62.16246469
Blue Whale,18.41063179,49.09517556,27.53831692,4.63989941,424.9668602,19.94349131,1382.341398,14.14385973,49.64471382
Fin Whale,20.39578793,57.02965009,32.89681393,4.864301123,488.0252934,20.75800657,1699.023224,10.24143444,49.45192897
Gray Whale,13.3281762,29.74393958,18.8138709,1.882819073,158.7130322,11.85203394,710.0950793,12.69719024,62.53463508
Sperm Whale,19.31241152,52.34417577,28.46736438,5.507218213,384.6003754,19.99326323,1584.592718,11.74965114,82.89036983
Blue Whale,21.47488683,50.50137542,33.03810928,6.205899383,601.8092212,16.36395812,1592.786585,13.69376421,88.56491383
Gray Whale,24.55172004,60.6256752,35.72561196,6.567050449,745.2112078,27.27571516,2149.806127,11.76955153,60.06936529
Fin Whale,18.67317269,51.28742564,24.63684375,4.637460882,350.2078938,18.17927493,1177.923923,11.23011422,46.93015148
Sperm Whale,17.41150977,38.68467757,22.76118837,4.192957873,331.9705086,16.32107579,1275.617659,13.08181704,75.35687276
Gray Whale,20.15622655,42.72475039,27.27534393,3.67323279,472.541193,22.08669622,1250.708021,13.75233833,53.52930059
Gray Whale,23.35383024,67.62579612,38.95744271,6.782491998,638.0056268,22.31174043,1678.864022,10.66330961,59.63494722
Gray Whale,21.53415477,56.72616336,36.43510695,6.262092624,577.0978806,20.50885246,1636.916293,11.87784866,96.50552181
Sperm Whale,18.13034287,45.92231642,28.09754098,3.644087291,368.0953495,21.86406579,1415.531108,9.883118733,86.54230857
Sperm Whale,23.63052301,66.98422092,34.08129355,5.311149739,630.2842305,20.38894712,1595.149458,7.003877965,73.15948625
Humpback Whale,20.29301467,47.94733944,26.98034983,5.654447057,551.7493458,19.28807963,1384.075546,12.40091926,44.56161998
Fin Whale,24.15360149,66.26294053,34.72652234,6.588715141,766.78654,23.58052912,1829.84127,13.21781071,74.22793135
Blue Whale,17.79968413,41.8604285,24.21211393,4.222658497,364.8522458,18.87325659,1245.537884,12.52413362,91.25314582
Gray Whale,18.87596054,47.41101564,26.79233192,4.678801388,474.4535539,19.10495643,1440.150211,8.100876564,62.48732668
Humpback Whale,17.98513377,52.93704429,27.31106344,4.607185731,434.3239094,15.84631669,1457.721604,11.29830114,97.0222818
Blue Whale,14.3400302,34.9769994,20.27472916,2.141491514,301.3608984,13.08160308,981.82825,7.56330448,95.85490579
Humpback Whale,22.25811286,56.24492372,27.81812204,5.967839269,517.3600305,19.96977224,1789.192428,14.73940222,103.2746566
Sperm Whale,20.01770579,58.49519995,33.06215215,5.976377904,584.2402146,20.889779,1613.79282,9.827890836,76.10486253
Gray Whale,20.1534235,48.23659783,27.88519469,4.892974813,491.1855574,20.87214114,1467.147059,14.51080722,81.747834
Blue Whale,18.36153065,42.98890606,29.07097093,4.626380825,454.5649071,19.89806298,1256.737767,13.89173929,98.28374577
Blue Whale,15.53356366,27.79150513,25.65594089,2.111390136,249.8208907,10.78649352,978.3542883,10.19881929,78.94787874
Blue Whale,16.7942318,35.12047318,25.63735888,4.626159394,436.8958617,20.44530068,1319.135442,9.734430097,59.97531784
Blue Whale,18.07022009,56.16846145,22.88313786,4.771956946,432.4999349,19.13427963,1476.080399,12.70074043,61.02914327
Blue Whale,17.1681028,34.85663094,24.61432794,3.765488588,366.3257507,19.55995502,1265.451318,10.31135193,74.77109908
Humpback Whale,20.92038118,46.95830334,31.234205,5.320248112,549.8744748,20.24325381,1325.613089,12.20496928,44.18877156
Gray Whale,21.55045317,53.46454378,36.34100005,5.43903767,622.0016385,23.81884934,1658.643239,11.03434482,67.13482169
Sperm Whale,26.98954408,74.1712643,38.85801622,8.111581815,882.9711918,28.47783423,2227.318183,8.437683171,91.93094236
Sperm Whale,22.57946832,56.17361982,32.04086532,4.75203455,508.64703,23.39076276,1713.90537,7.539063962,26.17492298
Sperm Whale,19.58218766,57.39297213,30.61468143,5.374549511,501.8970289,22.07470283,1678.893033,12.4533685,100.689642
Sperm Whale,17.50341038,46.19126182,29.3414278,4.801153997,534.3647631,19.50638584,1550.028595,10.87688451,92.44748437
Humpback Whale,12.76492959,26.13913685,23.7760594,2.234497138,198.4235209,16.86978458,834.4386741,10.89382037,60.80470768
Fin Whale,19.39189027,51.09473325,26.83497609,4.775465722,568.8610362,21.67201874,1529.551344,13.39172768,80.86781656
Gray Whale,19.21968802,49.47930689,30.86886058,5.024609017,480.6424065,21.38840968,1646.031064,14.34688455,70.06295454
Blue Whale,30.5613249,87.59563323,45.71483902,9.107886754,931.9061475,27.30035962,2228.857,11.45491056,94.59980737
Fin Whale,19.47435685,50.14654318,31.01740686,4.493076434,383.4008182,16.65394091,1397.72973,11.31880259,89.65366286
Sperm Whale,20.64211074,57.29295704,32.00525036,4.649032463,534.6549663,21.79162033,1528.284695,13.00028607,41.99858554
Fin Whale,18.58084852,52.89786511,30.40783046,5.822724298,543.580407,20.15219532,1525.766192,9.286128861,81.74524827
Gray Whale,16.19774518,41.84323284,22.20463464,3.937709983,266.3131843,14.09704272,1213.984904,12.44630611,65.88744293
Blue Whale,25.22149244,64.61898157,37.39519077,6.068102874,737.7320964,24.85325666,1840.290556,13.10377194,71.65665141
Blue Whale,22.90855627,52.53903665,33.82521365,6.472753452,625.8227906,26.18498599,1524.146125,13.36046042,55.43656198
Gray Whale,25.01076478,61.49082312,35.98933546,5.935060535,658.5886019,24.55493274,1735.639107,8.126494595,104.9627414
Gray Whale,15.29236541,35.83056607,23.8044546,3.767662425,278.9256886,14.08043316,1273.061764,10.47728946,90.8012364
Sperm Whale,24.08565207,64.19044832,39.17096665,7.251303531,756.7634485,25.38815959,2044.740999,10.24347349,55.20457672
Blue Whale,13.70068768,36.10960734,21.530368,2.780019506,98.11001015,12.78266279,1052.170753,12.19977391,43.30778786
Fin Whale,22.30184236,63.23370048,35.77324306,5.488402808,596.289469,21.57202854,1677.400653,12.96148916,62.28654738
Humpback Whale,29.00516195,76.39182539,43.03994631,7.940412913,812.7583505,27.93459117,2138.756395,14.99342081,78.69005292
Humpback Whale,15.79661864,39.65772916,20.51071711,3.056099555,382.0031873,15.08256353,1204.841718,11.01006904,74.80411688
Gray Whale,18.08686448,51.71550197,29.12605662,3.734642301,436.9367763,15.22453834,1218.367614,11.004855,95.0626565
Sperm Whale,19.14706604,52.39958228,28.78644359,5.115887903,541.2707948,20.1432961,1753.287651,14.29934404,85.79839444
Humpback Whale,19.42986199,56.96670772,25.6716134,3.886906524,485.4246936,16.86488211,1380.834242,12.59315388,89.39138052
Blue Whale,13.7151951,34.21958706,19.50469683,3.015030886,173.4347564,7.938448896,899.2029689,14.53530302,76.53710801
Gray Whale,21.39154773,42.0189419,33.16025404,5.84646754,599.7094954,24.38019595,1462.858516,12.57745601,42.2140254
Fin Whale,16.09351049,41.01906354,19.35482929,3.116517809,355.3949097,17.92832445,1118.89928,9.685766763,66.08602938
Gray Whale,22.35112294,57.58890109,39.11705165,5.830090896,573.4188732,21.14176827,1641.807159,9.33374329,91.2017948
Fin Whale,16.89207034,45.41567296,26.59556821,3.870706204,391.2846452,16.35994116,1289.884896,8.896975502,68.96954143
Gray Whale,26.64744618,71.96511962,39.74608426,7.560902743,723.6735173,23.85642893,2061.118659,13.32410367,80.06180737
Gray Whale,17.50970959,39.90868057,25.19069224,3.863097695,317.7886993,20.25843259,1152.698174,14.37719365,63.6250337
Gray Whale,20.04090647,40.01377062,28.63873905,4.888248935,411.5994409,22.50633132,1576.322538,15.69872428,49.40376303
Fin Whale,23.45059004,58.71709032,35.92334816,6.461400302,619.9842137,23.56745633,1789.661859,13.68621066,67.53311872
Fin Whale,15.78554649,30.97702593,23.90524527,2.534872314,225.6165409,17.12360402,1146.081457,14.32567716,76.18094886
Gray Whale,20.82010404,49.82690197,32.47596854,5.775767934,602.0969416,21.2604133,1518.788326,10.83996733,56.88624561
Humpback Whale,26.66868823,68.62860507,38.02201789,7.40435955,722.3429758,22.55512014,1993.811527,9.687168367,65.2857751
Sperm Whale,12.89367476,39.05972371,19.96042375,2.207132096,228.2782662,12.74642032,968.491867,13.70015866,51.21073516
Sperm Whale,22.53947587,54.18896395,30.80525658,5.295919706,504.7165262,21.00239137,1375.656921,12.8353615,92.38489835
Sperm Whale,20.99937323,47.13917822,31.1694802,5.731488688,455.7487379,20.13043574,1792.486489,12.21488875,64.11088485
Fin Whale,21.69651638,61.6048878,36.95847742,6.068077398,654.2309848,22.68998493,1902.702451,12.77474296,99.0551109
Fin Whale,15.18030157,41.1397489,23.76540918,3.681062958,181.7361233,14.86939804,1027.34772,12.64637096,100.574957
Humpback Whale,14.03712189,31.10560612,16.19648305,4.201251328,258.8861073,14.55641655,927.6132114,14.56763372,68.37908071
Sperm Whale,22.92840981,55.59321295,34.44345095,5.389919332,525.5337299,22.19228324,1717.435709,14.58997117,49.83102535
Sperm Whale,20.53531471,53.63725705,32.17138043,4.754954708,652.8210411,19.06672856,1612.614406,13.0884407,28.28204245
Gray Whale,20.55578797,49.08142264,31.46553959,5.527648573,590.6568492,19.5679391,1623.239392,13.69160575,40.55925854
Fin Whale,19.49625211,57.39878068,31.30165235,5.880453567,567.6483673,18.81662431,1640.414613,13.0281251,42.5233035
Sperm Whale,16.82759479,41.2349626,28.16807711,3.864529731,440.780884,19.23553221,1312.615446,11.07766054,97.56939255
Humpback Whale,18.50513546,54.88470659,33.28857511,6.075010877,499.4898666,16.7177209,1726.019364,13.51312935,72.31649174
Humpback Whale,19.58838707,49.07940879,30.2126795,4.77030581,579.9270141,23.47947058,1659.385686,9.211009862,77.79209048
Sperm Whale,17.90300898,39.24049148,26.52799607,4.274932184,381.4072664,19.91529312,1145.011454,14.1077831,25.59157982
Fin Whale,28.2488982,76.00120092,39.2513336,7.495731356,849.0404161,26.85873687,2289.277364,9.61095412,46.04067142
Humpback Whale,22.32078925,53.82182929,30.0837612,6.570438334,648.9076008,16.68905751,1829.902979,12.57160657,87.74159553
Gray Whale,14.26780987,44.33917729,21.59874457,4.209302431,322.1899756,14.51216489,1398.249449,10.30969208,75.73548225
Humpback Whale,22.57850308,55.88046238,35.6641086,5.601502119,632.6158327,22.49784611,1617.44436,13.10677797,67.05589443
Blue Whale,16.09767078,39.42724359,26.05816007,3.263198927,241.8129275,14.08007688,1183.149617,11.93214955,81.29684717
Blue Whale,21.98997373,64.1079694,35.74867846,6.610420849,593.6729139,22.11790163,1567.269741,8.810488084,102.7159561
Fin Whale,26.13778062,56.81131828,38.40176505,6.544328044,702.4117575,27.69477271,1960.823368,12.84139926,65.57915073
Sperm Whale,17.59463302,31.34776812,26.10826266,3.746270914,356.9458014,18.04712505,1157.941159,10.84415845,71.38739605
Fin Whale,23.63254034,53.93223198,34.49729359,6.457758404,616.897517,22.00437629,2029.526225,13.76229344,73.85193837
Fin Whale,21.67800955,61.26629164,33.34053065,4.659334812,694.8844006,18.45592537,1567.011827,12.00265138,117.8421927
Fin Whale,23.49662345,57.10543119,36.53318001,6.226171367,723.7905316,22.634206,1618.802752,12.79084197,28.01287471
Fin Whale,25.54543706,85.55251222,42.88934056,7.500325587,871.5286529,27.16025837,2116.75117,10.08486209,83.6644603
Gray Whale,18.77127015,44.23410461,30.90549805,4.385356415,459.4319822,20.01084591,1216.565382,10.82133554,67.70395502
Gray Whale,16.30307109,41.87792254,26.89419071,4.591211755,353.7170419,15.91442192,1311.302288,11.08272273,81.33543452
Humpback Whale,15.44032227,47.03637661,25.36580984,3.037474908,292.2914797,17.46494143,982.161645,13.71340496,56.85254892
Blue Whale,16.45565857,50.24074102,27.24543877,4.182887166,357.0281746,20.60706694,1217.312158,15.35475418,69.02069938
Fin Whale,21.48927969,59.38229737,29.48434723,4.744865971,499.0093193,21.32259521,1265.23322,10.3896565,84.22821159
Humpback Whale,22.00545076,60.13565485,30.28316255,5.371847878,499.3193267,21.26843088,1587.373411,14.15369629,132.258204
Blue Whale,20.53558421,58.44060222,31.33401087,5.810222147,566.5131647,20.74046226,1761.179595,7.660645165,86.16072379
Sperm Whale,23.88131578,62.88883373,33.4732942,6.410800521,641.1300324,22.59538673,1825.578926,9.611621198,53.03868804
Gray Whale,21.451363,54.04782808,28.7276548,5.304809336,406.9499626,22.41328939,1418.201302,10.08244309,61.52480636
Blue Whale,26.73876999,64.68648034,38.43216712,7.664393446,718.6168833,24.55950942,2005.616578,9.294982621,60.93171783
Sperm Whale,19.00100304,42.73312358,26.82721916,4.437360559,431.6814933,19.03181809,1409.171796,8.83282322,34.08713655
Blue Whale,30.23373989,82.62515771,45.70509194,8.774135383,1084.014833,30.98307247,2499.322243,12.82599782,63.39819617
Gray Whale,23.2008927,56.65708506,29.96677475,5.395925758,640.4477788,21.49910101,1582.297735,11.5718646,84.65658164
Gray Whale,16.96485516,37.44796908,25.28364208,3.3015584,278.9375614,13.82643868,1259.251583,12.7588108,44.51535762
Humpback Whale,16.61162323,40.63122726,23.57705596,4.868208466,331.5411648,16.36237901,854.7484625,13.38094537,90.96965302
Fin Whale,22.56506146,60.56619503,31.26065723,6.346048413,509.4798353,21.80788172,1605.87689,12.53123399,79.75549642
Blue Whale,20.15570157,47.76048101,29.97771462,3.989268639,513.9112513,20.1066298,1372.960641,13.31552635,55.31533356
Blue Whale,22.32076676,65.95565633,36.15914324,5.409771763,604.9638563,21.78880136,1813.232856,11.86093543,67.16940725
Sperm Whale,23.21034456,49.97040592,29.62430602,5.950789468,580.500963,24.3345931,1667.896254,9.626013223,101.9664362
Gray Whale,19.90628395,48.15775575,28.03757697,5.16438903,553.1806281,17.95513679,1333.953575,14.11562836,84.67095627
Blue Whale,18.688086,36.25436378,23.38095299,4.004251341,283.2189523,20.0369057,1105.122886,10.82177573,70.1756731
Gray Whale,13.25142328,22.48915022,19.03111045,2.600251266,157.4715903,10.44533808,989.6714723,10.1288074,65.24633366
Blue Whale,19.94990399,44.22841715,28.97985997,4.267500442,390.4473423,19.08348032,1335.813033,11.64416425,71.53218141
Humpback Whale,23.62350596,59.66804799,34.75074049,6.448537954,706.0707255,24.37645654,1741.827167,10.17437816,59.76472884
Fin Whale,20.20495697,60.13637365,30.75553278,5.364087119,462.5695702,19.26526084,1526.849431,11.16513924,27.90500989
Blue Whale,14.53315905,38.20519308,18.5178426,2.021741646,134.1592399,15.86583276,1133.608227,12.68810784,110.8435582
Gray Whale,20.3723764,46.95723699,32.30992162,5.144871573,508.6146237,23.25176104,1508.844067,12.69668348,73.10649998
Humpback Whale,21.96543547,63.89427139,29.83338749,5.152272852,596.9441683,17.10763184,1626.051959,10.20433987,77.9629453
Blue Whale,16.98740574,45.49887924,24.81672064,3.761819555,400.918749,17.47005987,1407.643556,11.02458925,68.841845
Sperm Whale,20.04120042,54.75518979,31.47710451,6.72321716,504.512451,15.62835878,1411.435523,14.14866601,55.29766399
Fin Whale,20.20848028,49.56608413,33.0705695,5.27105391,489.906239,18.30150527,1335.188778,12.99280024,66.28151038
Blue Whale,17.57038917,31.48716024,20.52453741,3.12877971,351.9603831,18.68645154,1178.319362,16.15013008,38.01210476
Humpback Whale,23.15869261,52.43241444,26.10769985,5.997581792,470.9146399,20.26758537,1557.36127,14.36025635,115.54173
Sperm Whale,22.67946178,62.17315741,33.73240625,6.082520733,581.515176,19.89537818,1664.450831,14.28858614,45.30976003
Humpback Whale,24.37020845,72.41954645,40.09932982,6.83462411,704.4704183,23.93632951,1800.952297,9.224262899,49.36067432
Humpback Whale,24.33523953,70.36184227,38.80070502,6.884128375,712.1453054,28.35102088,1842.850704,13.5277207,61.19481591
Sperm Whale,15.1028405,31.02372048,22.15330262,3.96176773,226.5291791,10.82595803,1177.669532,11.8937864,95.7615145
Humpback Whale,15.22590728,33.14801235,23.38977739,3.027818222,332.9135434,14.14608002,1251.974082,10.89803639,70.29017999
Sperm Whale,21.80276453,56.88485444,34.7044568,6.009368939,468.2899804,25.05500444,1766.484695,12.33603068,45.27728408
Blue Whale,20.38655973,47.32323458,31.13562331,5.307488361,559.5690505,25.77054849,1538.202377,13.89042307,95.08676722
Sperm Whale,22.45941387,57.79641081,34.04300166,6.050327853,615.3840192,21.8533283,1565.151317,13.00166318,84.62001254
Sperm Whale,36.0581219,95.49476496,54.12732926,10.31975398,1144.376967,32.93282056,2564.548156,10.2430524,80.76869914
Fin Whale,21.80037558,54.52050362,35.54576288,5.647652359,605.709503,26.47524905,1618.873597,13.48491783,84.31468482
Sperm Whale,26.11624932,55.65327235,42.33271392,6.555803503,726.7454403,27.73114734,1993.118293,10.72482492,117.887238
Sperm Whale,22.59024139,64.01602169,36.50884252,6.918911005,654.5928574,25.17390103,1885.595269,12.43336624,113.7018979
Blue Whale,21.14119013,55.15319082,32.89042026,6.436314099,625.7736138,20.98076031,1705.835612,11.39329987,56.26569314
Fin Whale,18.96337484,40.36718489,28.05723591,3.904237445,395.1149077,18.64086434,1387.425736,11.5622675,102.4776999
Gray Whale,24.08297518,44.74631958,31.01566351,6.165920886,626.2838957,22.71515672,1696.750673,13.53248595,77.6633638
Blue Whale,18.59262683,40.5885229,23.97362245,3.485972251,391.4022699,17.57040175,1249.987063,9.91961256,79.98191632
Blue Whale,18.59384131,56.0194347,27.76052348,4.015519635,465.2212988,21.95472845,1493.701316,15.89039015,36.15458337
Gray Whale,19.13722664,52.4819335,26.03964192,4.163446153,383.3079979,19.81737989,1168.53408,8.357827861,66.59228469
Sperm Whale,20.28898809,48.69700839,30.79595458,4.968569815,525.9481653,18.1727444,1558.620718,10.80466463,53.74352819
Humpback Whale,29.08600697,74.7648425,42.24311154,9.685346093,952.3690315,32.01162717,2403.373985,12.74042378,86.5611763
Fin Whale,13.41459917,29.93668897,21.03847018,2.415582124,61.3952014,13.15720351,804.9471537,13.16862833,91.42161001
Humpback Whale,23.39736364,53.24319509,34.11797527,5.340581535,681.4805375,24.11917235,1810.261128,11.79904856,28.51027298
Gray Whale,11.97274436,32.15636904,20.30510413,2.298539191,192.8984063,16.48221823,1217.01489,11.88521859,69.55930272
Blue Whale,19.58881289,48.167219,26.51261937,4.802793849,436.3267608,15.88911204,1324.389568,12.82110017,92.4372301
Blue Whale,25.73589374,69.20207328,36.84408495,7.677647282,755.8734536,24.28415123,1920.463414,11.53786105,66.26642075
Fin Whale,19.63155737,50.27058985,32.03587664,4.303428373,442.9867186,19.19421097,1448.692298,14.78636252,84.5812729
Blue Whale,16.08482442,36.04869391,21.7992709,2.443420641,270.5338899,12.55330204,1140.914444,13.67869823,77.02330935
Blue Whale,17.63281535,37.02644256,24.39194477,4.862527024,356.8178975,17.83220512,1295.670864,13.7456487,76.83320464
Fin Whale,22.97906476,54.02077122,33.47013444,6.214203712,583.1399188,27.7415041,1757.343446,10.06768655,64.57370044
Fin Whale,16.52822832,40.10320596,22.92605836,3.470303686,455.2808351,13.39837798,1142.402147,11.84122315,45.66838392
Gray Whale,20.19421099,54.43433061,29.66023582,5.592002427,496.1239414,20.80127314,1596.396683,11.3990681,47.56939705
Blue Whale,20.15673329,55.11478521,29.32098929,3.75048389,480.4255922,21.46337323,1662.169738,9.988797249,84.18705029
Blue Whale,18.56632763,38.16490108,27.83917628,4.024287232,392.931389,17.63975501,1316.803455,12.72032837,70.38916511
Gray Whale,29.11937651,83.19077192,43.38878719,8.37982672,825.8024598,28.34952025,2346.57915,10.92470848,67.22975511
Sperm Whale,22.16506176,56.25141026,34.19069396,6.413013603,594.3213884,19.93724336,1698.170461,13.31080766,61.52219915
Sperm Whale,12.67112836,25.59145249,19.5509404,1.455338144,151.3469975,12.36500314,866.1901186,9.859616874,63.89622309
Sperm Whale,17.89727464,48.50139338,30.84398231,5.322525053,516.9187564,19.23228931,1593.185794,15.43808123,90.93823589
Gray Whale,18.50161984,29.93736112,26.81021091,3.54460799,376.2090934,12.97301073,1173.283664,10.20733468,63.29511836
Blue Whale,21.67001956,64.649427,34.9081565,6.40634188,626.9713946,25.79891778,1830.203768,12.43860467,43.17870573
Gray Whale,16.4674761,44.17397062,25.77560027,3.363545731,281.6227516,18.74668869,1123.448075,13.58371862,84.87303551
Gray Whale,18.42138434,47.21652492,28.14606404,4.623844918,495.4271011,19.64437619,1396.554218,10.85871914,65.90246672
Sperm Whale,20.72526764,56.39480093,28.15228936,5.259573221,678.6443638,22.47809849,1695.678378,13.70493729,70.62791731
Humpback Whale,24.62384756,62.96875842,34.92597284,6.624200912,656.7560165,25.6116568,1832.738745,9.541632804,102.1515661
Blue Whale,14.73111317,27.78371383,25.64371783,3.628780948,295.2098526,15.64749369,960.973011,14.9042354,69.58878885
Sperm Whale,19.00849894,43.34072178,29.84542339,4.380937861,474.4259153,20.47003017,1488.323145,12.02829853,75.78367346
Humpback Whale,18.05329818,48.27197966,29.0811231,4.306701031,351.0433192,17.50525435,1390.969769,10.80717718,46.42153017
Humpback Whale,17.8637239,35.88860209,28.55228605,3.295710444,467.526471,20.01065055,1200.861925,11.40163646,65.60661095
Fin Whale,27.13863885,72.65324054,40.77004062,7.498343036,827.8982031,27.70338841,1964.150504,13.61783854,82.1905209
Blue Whale,20.33693462,48.07687151,32.82452168,5.582370258,654.4895529,22.00803073,1627.253141,10.83108942,38.89252532
Humpback Whale,15.952731,37.20154246,21.19939248,4.419070614,236.3892384,12.41634201,1014.096245,10.50128462,74.01690186
Sperm Whale,23.17769121,60.83613595,34.87502597,5.820809408,756.1182466,24.2453595,1832.565727,11.5569268,72.01582145
Fin Whale,26.93204289,67.39021528,43.96447948,8.915322915,920.7458902,26.82471495,2206.443003,9.646075774,70.82574911
Blue Whale,23.70174588,68.2132799,38.60256044,7.047127278,713.4957512,22.85329559,1660.617155,15.64108782,90.74317797
Gray Whale,15.42327993,28.09460252,20.60488765,2.861263253,238.2146288,12.29176888,929.3858181,10.86721082,76.6887703
Sperm Whale,18.91328545,40.13792894,26.19421703,5.152959133,400.411436,15.93059384,1299.956163,13.66323357,99.56143797
Humpback Whale,24.71899246,66.20577978,37.60252281,7.08641946,788.0705898,29.3171874,2006.785005,12.41894017,50.12820969
Humpback Whale,16.82006443,47.25115316,26.9563967,4.133075399,379.6374897,19.83200026,1182.49572,10.0309319,72.71849134
Sperm Whale,21.45364266,50.24672404,29.77520694,5.639168816,481.5340119,25.61601272,1823.204267,11.98809058,71.68933573
Humpback Whale,25.1752842,59.60400789,30.05544241,6.773735521,583.5748065,20.65274617,1579.957864,13.56800556,48.61491012
Fin Whale,16.67421357,41.02091684,23.33734347,4.15783891,323.8602275,16.43478561,1306.691085,11.62347733,89.12590004
Blue Whale,20.19194022,52.75122376,27.20142301,4.597873322,504.7853851,17.17488333,1456.734228,14.38622589,116.4934661
Fin Whale,8.065214094,11.9869997,9.536115564,-0.521524607,-86.25754566,5.643540885,451.5149182,14.04303079,69.65987851
Humpback Whale,16.14123859,35.87220911,23.55811351,3.361928219,376.558764,14.06619547,1149.444474,13.83782971,80.10042177
Gray Whale,18.73068525,42.83123108,27.57809427,4.221128491,356.9826395,21.46889541,1525.556701,11.08068646,71.69036952
Blue Whale,14.81251742,35.45732123,25.41823598,3.09656294,282.5784241,14.21640792,1024.53969,9.840315104,55.7283066
Blue Whale,26.45804396,64.22824059,40.44795735,8.067336023,702.9350734,28.66640388,1961.481914,10.77282479,33.58479444
Sperm Whale,14.24221225,18.23155105,22.02010045,2.626137106,280.5601667,15.48767627,1141.500946,12.39248188,55.88453034
Sperm Whale,18.9674516,46.90226518,28.60414737,4.318521579,416.0690567,22.84709956,1334.636365,13.09157343,42.16083238
Gray Whale,20.57490819,56.08856113,28.50677723,5.225122233,544.5138025,17.56407386,1567.915049,7.65685719,104.0820416
Blue Whale,26.49773323,55.48061729,40.72586331,7.586125375,716.235044,28.28355964,2127.920843,11.9837736,67.69780612
Gray Whale,14.17583482,27.72100066,21.23329852,1.722762106,305.5180594,16.54943314,894.2527229,12.31617845,63.08161342
Sperm Whale,24.7312902,67.05373633,38.31994375,6.441395481,761.4557086,22.70589733,1966.656403,11.44491149,87.7830765
Sperm Whale,18.04273156,60.41027408,27.9176839,5.120991438,531.0191661,22.05519892,1444.592096,14.58254768,47.56497794
Blue Whale,16.99029307,38.32586473,21.00343056,4.127776502,316.8525805,16.74625532,1143.255037,12.84356015,54.66271924
Fin Whale,22.19490237,51.90522699,34.40840016,5.447203988,612.1714896,21.39346138,1668.964113,14.62038382,71.36144538
Humpback Whale,21.79424889,51.47423414,31.94717723,4.36031319,500.4861168,19.14836781,1419.648707,11.56807896,90.57537983
Sperm Whale,14.70287711,49.67177957,24.59459563,4.409530407,434.7387451,16.16091359,1212.040389,13.87495499,80.0337009
Sperm Whale,22.36758304,47.60780412,28.67948635,4.787021933,595.03842,24.37883253,1659.538019,15.27013279,74.96650285
Fin Whale,18.31915598,41.3802768,29.93898799,3.827196275,484.1740806,18.46011125,1453.75936,14.6233869,71.5623547
Fin Whale,21.5622522,48.94849053,28.30228029,4.858103323,483.9529987,22.01832938,1533.467113,9.815716813,78.00471711
Gray Whale,21.60861677,53.17892505,37.25812995,5.900933333,637.2543873,21.06672393,1756.058082,11.49264784,74.0330581
Gray Whale,26.95684117,69.64555337,37.71485943,7.076652892,720.8259497,24.78436137,2025.681635,11.30967059,49.4005545
Humpback Whale,13.99532244,43.26960631,23.84989086,2.040493723,305.8127258,17.21270762,1202.422914,12.97850907,70.92158443
Humpback Whale,27.90836454,77.21179686,42.1409633,8.64808316,906.4761781,25.83298108,2226.526423,13.37270711,48.52622682
Blue Whale,14.10568016,25.3131789,19.49384807,2.709305821,55.13337911,11.36122127,839.9534794,10.32221465,71.62165086
Gray Whale,19.20217722,46.71952251,28.00106143,5.098083353,414.5894907,19.46091444,1561.478231,12.13567703,60.38704117
Sperm Whale,22.5707017,49.24385243,33.20431743,5.313632975,591.7401523,22.57601403,1628.173874,7.960145336,120.7876325
Gray Whale,21.9940352,57.7874513,31.76778956,5.320742035,535.5355488,20.7657809,1754.226072,14.88389001,69.20211232
Sperm Whale,18.00488381,42.13841978,24.25942797,4.062690063,327.4402397,18.30084148,1129.009027,10.97525152,41.91520867
Fin Whale,19.3179299,46.60013343,30.23291519,4.987213819,481.9869314,20.55322251,1590.121425,12.11172788,67.31639579
Gray Whale,18.39295726,60.04952662,26.01556726,4.594668842,423.8335122,19.49727135,1290.182114,11.38070057,80.38717491
Fin Whale,20.04595656,44.42138746,26.00661163,3.748865965,384.2008872,15.67093335,1269.45246,14.29205515,103.4672789
Humpback Whale,23.34078959,56.43626991,33.10891383,6.315400924,615.1388025,22.83009819,1608.359717,6.324987117,58.210952
Humpback Whale,21.62916099,52.15239785,27.0174256,5.764163431,616.6981438,23.81758767,1579.475948,11.96677932,38.35144052
Blue Whale,18.27901601,47.4273134,25.4604869,4.688546768,458.0466285,19.01765599,1153.500989,11.78836249,86.33674023
Gray Whale,24.70392543,61.36155056,40.2228301,6.701653083,637.7499034,20.8526806,1754.095322,11.09272722,42.38802588
Fin Whale,22.41622839,46.49620436,33.4130057,5.855477625,524.7055679,21.93215788,1593.823736,15.45245309,61.27689117
Sperm Whale,23.8901787,64.3504901,34.83865195,6.261206492,670.8755647,19.29499798,1880.280903,10.22534108,64.84759029
Humpback Whale,21.37551045,54.21482568,33.25199139,6.649672835,595.4317226,22.61238517,1741.13043,13.54359235,68.60733093
Humpback Whale,18.31745149,49.41854875,25.07096172,3.961388882,343.811038,20.47955399,1240.619412,12.71250558,83.78328914
Sperm Whale,16.61293045,48.67806785,27.73315199,3.729184485,436.1500704,15.8634904,1194.384697,14.52303851,56.32731435
Fin Whale,23.29180989,56.73091378,32.122136,6.822625393,539.0450445,21.32052833,1673.477353,10.66562183,64.52541496
Fin Whale,21.68720521,63.72952499,35.89086498,6.264507034,675.781764,23.96954062,1893.502095,10.5340622,69.71459294
Gray Whale,19.85225528,50.08845843,31.30535307,4.747125598,499.8717393,16.83079059,1419.164339,14.19213981,72.99195915
Gray Whale,20.79807194,55.67179698,32.14033575,4.936244591,500.5442718,19.20379947,1706.685409,12.85064262,71.95654349
Blue Whale,25.4320168,67.75564284,38.54294085,7.064785116,725.5179735,26.30354186,1922.876594,8.910125307,78.7201155
Humpback Whale,18.0556352,38.66936006,26.48980498,4.344235314,391.6386178,16.36514275,1293.178808,10.92138997,86.87679019
Gray Whale,23.80210079,53.34741941,34.62830676,5.919292205,511.9174634,21.71644955,1798.520599,12.77276531,77.85268231
Fin Whale,19.64476369,52.72349226,29.97047235,4.852365358,538.3522339,20.67960081,1556.421814,13.67552844,79.07171047
Sperm Whale,18.88511855,45.7139489,27.98583136,5.523456882,462.883665,19.97236735,1412.730323,10.64153869,38.35553667
Fin Whale,25.35919458,61.16707991,35.44545757,7.183936854,719.9299399,24.9287442,1845.747593,6.17148802,71.00455398
Humpback Whale,24.49113588,55.12938329,35.15621068,6.333442319,696.1524313,22.62342084,1783.303677,13.04644637,79.59015096
Fin Whale,22.02643073,61.88011096,37.97909812,6.690919744,595.3736116,23.99416077,1818.524125,9.55935862,84.57882389
Blue Whale,25.8193153,75.97837028,35.35465869,6.441956259,758.6597802,24.97444987,2046.047951,7.965322404,56.15298452
Humpback Whale,20.78518811,44.91438153,27.19097252,5.230469287,490.3986369,20.99962659,1507.77433,6.33534815,56.8192145
Sperm Whale,22.43024838,58.30453294,34.42123951,6.927582632,665.0900736,21.73394783,1800.57217,13.62796172,58.51798649
Blue Whale,20.13463979,53.3379017,28.24017486,4.425576917,337.7906128,18.39379502,1555.242608,12.2572349,80.728278
Humpback Whale,21.14660982,53.49178927,32.29168144,5.062432564,553.3952284,19.31674982,1651.589185,11.54868724,90.6776211
Sperm Whale,19.60500424,50.70014233,29.70704807,4.478740974,446.4332174,19.40941256,1485.615217,14.77804873,61.85079785
Blue Whale,20.21491204,45.85198394,30.13557128,4.600677429,539.0724212,18.76598213,1382.057505,13.27464937,88.15924627
Blue Whale,22.39620715,59.28341979,36.55066903,5.500354584,630.6304739,20.1525352,1445.231945,15.23260009,72.46959618
Humpback Whale,15.63084218,39.24563048,21.88886794,3.587414926,317.3389823,17.24443956,1252.460334,9.214529056,67.51428446
Gray Whale,26.92949822,80.03729729,40.8973296,7.435797404,841.0210164,28.79502865,2222.853123,11.93089875,65.7723154
Blue Whale,17.57043554,43.86472168,23.75738619,3.498783095,313.3836029,17.54167794,1096.415649,8.76657325,84.93222729
Blue Whale,14.2962842,48.37755486,19.4284907,3.629855668,236.6139383,14.28099441,1099.387006,11.54123534,76.51155634
Sperm Whale,23.64105114,66.79549635,36.59695643,6.28328822,750.559142,25.44854919,1899.298433,11.50276829,115.5165086
Fin Whale,21.01326066,61.12893391,38.0729165,6.947136003,624.0389249,24.26824592,1889.859968,13.25322727,52.95550714
Humpback Whale,21.85751752,58.46135931,33.78649188,6.19157577,466.9921561,23.38602688,1727.053023,12.09112776,80.36203404
Humpback Whale,21.19029224,55.77431465,34.23147487,6.457808557,594.3610888,20.86207467,1645.2286,13.24681428,59.4159798
Gray Whale,21.59302807,51.54545794,27.40618983,4.652712564,445.8683898,20.24973987,1594.730253,13.40688027,52.61426026
Gray Whale,17.4207996,37.75594049,23.38375096,4.081381056,256.9304224,17.13926311,1164.247862,16.30985735,69.78265726
Humpback Whale,19.61506789,51.75195958,29.70443459,4.567739887,451.7734886,20.31757517,1579.185264,11.36940669,72.74704959
Gray Whale,19.54378896,48.46204714,25.30159954,4.429381183,383.5813155,13.11839784,1215.25233,10.1179546,128.3634711
Sperm Whale,24.88224442,56.66872397,38.41400599,6.54859927,741.9535934,24.22145818,1776.309218,12.49216723,66.31708369
Humpback Whale,19.08693909,53.93470423,30.23303783,5.056039538,489.188895,23.83683255,1456.946739,10.39543995,47.39642541
Gray Whale,14.1986055,46.67960898,22.82410091,3.173956902,321.0853352,15.97793268,1212.358845,14.96392154,75.46021435
Humpback Whale,21.00539921,45.55302727,28.56469451,4.070386316,464.9457583,17.25830244,1435.497659,11.43356392,28.50719925
Fin Whale,20.26215335,44.34590296,33.47403222,5.918011291,551.3731463,22.39842294,1617.661434,10.86884726,68.16086435
Blue Whale,16.09970304,40.19619543,28.89795076,3.680239169,363.799562,18.36985821,1119.060428,11.05736856,70.32050565
Humpback Whale,17.73368885,46.61832799,28.227759,3.998272553,294.2821954,19.09658875,1168.945473,13.43683485,85.89200766
Blue Whale,23.41450125,52.80990623,29.43193489,4.681961914,456.2722577,18.45901253,1664.672371,11.68450603,89.47244499
Gray Whale,22.3641391,47.94308769,29.8480844,5.791536963,524.5977975,22.44262679,1556.000692,10.71666636,59.92860762
Blue Whale,18.53613642,41.39280729,24.44318523,3.62332358,416.6529029,19.15307142,1297.931548,15.33070384,66.98771971
Humpback Whale,18.71060112,48.55064047,26.70573045,4.56959251,410.3819215,17.8315537,1433.774244,10.28766032,54.67758339
Fin Whale,21.78161531,55.51826709,32.32501637,5.660890373,520.9706423,21.60557439,1510.020155,12.07113215,47.4387489
Gray Whale,14.96659122,31.42832741,23.28616298,2.479487579,192.0575155,16.2665776,838.8901587,13.3046123,76.19789559
Humpback Whale,14.65133633,31.27631265,21.40331531,3.179817622,277.0688302,16.11477566,991.324567,8.737329779,44.52828903
Gray Whale,17.23042422,39.4198786,25.04963963,4.0525548,304.8234442,14.84018449,1200.127127,12.960521,61.70746199
Sperm Whale,19.08361827,42.82658326,29.02283307,4.410408344,500.3809084,20.78652777,1328.668865,9.889784649,50.0965208
Blue Whale,20.48966567,61.80776923,30.19515959,4.962084006,505.8525109,21.11425305,1591.279802,13.64556556,80.99366373
Sperm Whale,25.62074979,66.09267226,43.03121475,6.23172148,727.9423572,26.04717306,2065.525241,10.07469798,106.028602
Humpback Whale,21.73768168,66.37770808,31.93063568,6.461314458,581.0394726,23.57703247,1799.252012,13.38553806,43.96824034
Fin Whale,19.26190625,55.6873179,29.40984998,3.977690819,446.1409573,19.0597599,1474.719622,14.21166613,32.93963034
Gray Whale,18.93534406,54.76336,33.93311519,5.019147788,545.3427055,22.30735016,1674.685097,13.72287305,67.50226229
Blue Whale,14.88629322,35.81154606,23.9984235,3.364481845,345.3261188,15.82244662,1114.826836,12.5026333,70.31395592
Gray Whale,20.10584161,51.79649282,29.50884311,5.311801684,545.5887411,17.6868552,1521.355266,11.53739811,74.37318614
Humpback Whale,20.23736773,46.4151183,27.55315732,4.415989292,474.1485723,18.05830573,1348.04814,10.84716085,61.0735897
Gray Whale,22.20919085,49.35411342,31.575528,5.319353947,502.9058494,21.64826367,1528.315524,14.94206938,65.98721402
Blue Whale,15.12057562,41.69502509,27.78231129,4.125088937,334.5589689,19.14950579,1151.978404,10.60100956,77.35020821
Humpback Whale,21.08775792,50.33695922,28.69235526,5.946548786,554.4724161,23.28357543,1633.895423,9.925867853,90.80861785
Gray Whale,27.07172684,74.3312639,42.26330088,7.457186348,842.4217495,24.42988509,2072.406199,13.33073787,30.89902459
Fin Whale,18.58247201,46.37179173,26.4995248,5.071493572,420.583741,24.53533924,1696.841527,10.40772639,62.62121122
Humpback Whale,21.38221374,55.82633894,31.87696567,4.834781522,616.9929944,22.13639751,1568.994759,10.09987301,74.27617588
Humpback Whale,23.31062807,59.69816726,33.28237511,6.413610328,668.873612,25.31135744,1699.887867,9.112791476,51.64047791
Fin Whale,17.42677366,43.89082947,28.76978371,4.704403689,519.2613251,18.09168925,1353.260534,11.03418032,104.6233926
Sperm Whale,21.00174543,55.62257879,28.14830619,4.827797158,519.8523171,21.96308842,1618.012254,11.83456995,57.2918024
Blue Whale,18.71634411,47.77659053,30.99989974,4.896848364,537.8827401,21.72930661,1530.762421,12.48618346,69.17414626
Sperm Whale,19.78933675,55.52859967,34.63467584,5.126860504,631.6642896,22.82709382,1662.596214,13.90261249,81.12044194
Gray Whale,17.2277428,33.99398419,22.63559329,3.773236932,329.9761551,19.02269748,986.8073686,13.05379585,58.17430422
Fin Whale,18.50504696,50.92601999,30.52647338,5.203695245,427.659819,21.8424347,1269.885574,11.61825556,33.06853904
Sperm Whale,22.4324679,65.67062449,31.66402539,6.462680828,495.6391907,21.3618197,1624.711585,11.60360865,61.42690946
Humpback Whale,25.78493663,62.41206667,39.55863606,7.717598776,796.8414508,24.66108235,2117.630281,13.02031494,90.58881112
Gray Whale,24.38957326,58.12252506,35.79392051,5.782796642,578.5112383,24.50229832,1679.179986,14.54514033,63.26209746
Gray Whale,28.83664396,78.40772874,41.63612093,8.540808681,868.9568897,30.47898597,1952.850626,12.2526284,53.07131397
Sperm Whale,18.29475018,41.68973816,26.37165919,4.513445315,383.743098,16.48516835,1288.546294,11.06173829,88.51344419
Sperm Whale,23.61450705,62.22099814,38.84262004,6.501885215,666.2764915,25.61962648,1829.677945,10.014268,63.38450208
Fin Whale,20.30396248,54.64603972,30.71824445,5.820503221,554.2738042,23.63860151,1455.148861,9.109589471,59.79678373
Blue Whale,28.88150924,79.45124254,44.57833348,9.290839623,905.2790208,26.92656989,2167.877067,13.33253934,72.98912179
Sperm Whale,17.31010489,45.84891979,22.56366437,4.299407345,418.4495993,15.09296545,1120.121228,13.15595705,85.41500419
Sperm Whale,16.6899727,41.97243118,23.04879619,3.865071535,301.2342494,16.36036251,1217.150887,13.15472705,117.6342706
Humpback Whale,17.64302111,41.60099998,27.34845668,4.623455269,358.2595669,18.21765475,1227.581046,11.74268111,86.54472215
Gray Whale,10.80242541,27.87611981,20.22485771,1.88660033,79.06579736,10.45528308,806.0428884,14.81386949,93.19679933
Blue Whale,17.234079,53.19034941,27.55669657,4.223318989,446.8736867,20.60138527,1030.523076,11.03176301,59.88067602
Humpback Whale,15.56086408,40.22723933,24.81908797,3.68559389,408.3760503,17.81160308,1148.618382,13.91053847,49.48263788
Fin Whale,22.35115189,46.93207891,30.90094553,6.007297359,549.6321475,20.68046924,1440.032429,11.92251421,71.24662699
Fin Whale,20.12316067,59.63647506,29.54972039,5.103419631,620.690759,18.49520486,1593.980524,10.78329847,72.14339831
Sperm Whale,26.81177816,71.91214425,42.46605569,8.580440121,778.8087077,24.87305172,2102.855018,13.18506061,48.42974517
Sperm Whale,23.08328809,50.54173833,37.46720915,6.675567819,754.4374965,24.36371385,1912.432721,12.81927224,66.4941094
Fin Whale,18.58730975,47.31426452,25.6343974,3.434991429,472.3192731,13.42719413,1112.150043,12.71394552,77.98635203
Sperm Whale,16.11139164,36.54238301,23.66942768,3.836202639,375.066459,18.43161613,1190.104013,12.16255684,77.2078679
Blue Whale,23.21541876,55.45036365,33.48327149,4.687865503,677.6353963,21.651369,1728.005352,11.92421384,80.08575707
Sperm Whale,14.04557655,35.81710317,21.20516129,3.332404198,179.5268624,21.20525311,1223.583121,16.77674399,75.8192946
Gray Whale,27.60482923,72.93000359,40.85648737,8.18980389,803.440171,31.94166756,2092.833971,14.36851329,59.85982681
Sperm Whale,23.88241343,67.70054053,41.2760843,6.472982203,675.5340487,24.35486234,1945.249903,13.44565379,59.72198747
Humpback Whale,20.26844652,42.19246032,26.69089469,4.35801037,451.6223488,17.91062339,1155.402243,12.22359832,46.02097204
Blue Whale,11.95986346,32.00791464,19.00451252,3.407376923,139.1287478,15.13862491,661.2072944,14.0143144,105.6955008
Humpback Whale,25.72531021,64.9487351,36.82815063,6.777935209,781.5717848,28.82183472,2058.332769,13.03598955,70.26900729
Humpback Whale,20.1756175,52.31957426,30.80114487,4.298736439,547.9096351,16.2657825,1459.355025,12.05240951,65.50293888
Gray Whale,25.36506435,67.93063316,37.06444953,7.597556169,757.5670812,21.37851432,2051.086978,11.39287135,51.42415837
Blue Whale,13.43700171,26.18967458,19.13468797,3.589652107,227.1905726,12.37821975,804.6100305,11.83816532,128.713158
Blue Whale,17.47267921,48.23741031,29.04635793,4.102785301,342.7188288,18.76797507,1342.208956,5.659148528,48.53343936
Blue Whale,20.06478627,47.38310717,32.87066821,5.513597067,458.6013176,21.01472198,1688.717079,12.42120168,61.42304149
Blue Whale,20.04092037,54.60405612,29.08103643,5.741208848,570.9374521,22.32746529,1558.413769,11.02304784,78.31673673
Blue Whale,19.16361723,46.43565091,23.56652727,3.953659677,457.9556653,15.80034306,1370.135236,15.18534,82.00425931
Gray Whale,24.70192273,66.66511757,35.75212697,5.691621981,610.1620119,17.859112,1718.853084,12.03868814,89.1586411
Sperm Whale,15.1720265,36.07122494,22.22501777,4.014006613,286.9328454,17.44554667,969.244704,9.622073161,106.1521702
Humpback Whale,18.06067908,46.5448622,30.72697429,5.628937912,373.081299,17.77408951,1585.724474,11.90023969,80.12315311
Blue Whale,20.39290048,51.34644955,26.78156615,5.461883878,468.1105928,16.4442068,1481.017707,9.90775783,48.879384
Sperm Whale,24.63746467,54.65736709,34.87182768,5.331751074,688.1699445,22.34788283,1730.501918,12.94681483,64.8610975
Sperm Whale,22.04278494,62.53908805,31.84734541,7.060952873,564.0678995,24.43281089,1592.761777,12.58189473,76.15664745
Humpback Whale,17.14054844,28.42274186,24.71367569,3.047551413,307.0384145,15.25731737,988.4293014,13.91567926,111.3645208
Gray Whale,15.54124413,26.32221786,20.82386111,2.531259853,274.2316479,12.94784654,1106.56878,10.41823642,42.04389043
Fin Whale,24.55711905,59.99310725,35.75818209,7.08768415,667.2356945,24.79198282,1912.456659,12.06801619,94.0515301
Fin Whale,21.89823913,58.7393061,31.17981145,6.275551228,569.0520459,20.58809052,1761.637452,9.269956409,73.59828739
Sperm Whale,18.63445048,49.57122842,26.88171769,4.304258183,412.1682003,14.30995963,1230.206646,13.40298956,86.7566107
Humpback Whale,25.82548016,68.09157761,39.51870076,7.534160713,779.8323217,24.77524655,1858.713414,13.03774236,67.96010567
Fin Whale,20.25911818,50.543987,31.86287377,5.405156216,664.241587,21.50525835,1629.692882,12.99161004,53.1513474
Sperm Whale,24.13550782,64.50182702,41.02866427,6.79070311,628.8435302,25.36054582,1853.764783,12.00323806,85.01745559
Gray Whale,19.25531719,56.61961329,27.27662767,5.380347479,565.0897531,20.60619354,1593.50035,12.82954578,83.08862054
Fin Whale,27.59371415,70.09220943,45.5989127,6.826341848,862.2945396,26.25269474,2223.78286,15.20867822,89.44113931
Sperm Whale,25.7974231,72.25593502,40.74075693,7.484707534,854.5573594,26.65835705,1960.057472,11.42981149,69.73390729
Sperm Whale,19.03822687,51.88841837,26.70864701,4.747214745,477.2518109,14.65001331,1429.292025,12.27729037,58.00355953
Blue Whale,23.11631057,64.16432226,33.16879845,5.881849385,638.2249613,24.24323713,2059.672147,9.827747402,38.8242601
Gray Whale,22.81528971,58.69241948,33.49401492,6.161225583,627.6174905,25.43921921,1775.180228,10.26347808,86.38746536
Blue Whale,23.91863058,71.42880915,40.05508957,6.950711726,653.4586078,22.52626197,1973.26927,12.19562659,78.47778965
Humpback Whale,16.47118639,24.90475701,23.955361,4.430352658,356.4761521,14.96845081,1269.811129,14.20786709,50.68434734
Blue Whale,23.5777348,61.62199412,37.13861862,6.815587053,638.3971861,23.4024194,1761.184858,11.48743835,59.22852653
Blue Whale,22.2399623,59.43071543,33.44819554,6.354733946,722.4494161,26.73938322,1891.401993,11.52816694,60.66482376
Fin Whale,13.33909862,19.74196168,19.42338519,2.286471915,236.3328087,12.06859282,775.2786625,11.18622951,40.34031136
Sperm Whale,16.49463494,38.35691085,20.39566204,3.188138448,305.3944597,13.88246529,1109.244323,10.93048666,53.64635207
Gray Whale,10.63343027,32.39750659,18.4918707,1.715321995,140.342679,7.905225004,889.8130794,12.58994291,47.32339286
Blue Whale,20.59494505,46.07987541,30.15733377,4.69340224,407.453353,19.12924892,1322.101393,9.00548471,61.75041976
Gray Whale,23.28918803,63.37487981,33.46372995,5.697172349,593.5465679,26.9543211,1893.589372,14.56187915,55.22605003
Blue Whale,25.30441635,76.08967592,33.8057146,6.688227911,829.7610004,26.56414513,2016.654366,10.6691554,37.45990158
Humpback Whale,20.24061004,57.46370963,30.84246498,5.422497783,585.1538308,20.25182116,1437.156222,13.44380697,110.4518046
Blue Whale,27.07278909,77.74320919,40.64517038,7.75768811,781.2452764,27.1586268,2169.778649,9.460002805,95.05081462
Fin Whale,14.55559956,37.14941996,22.52798076,2.527689933,253.8818749,14.45741016,988.2850661,13.33768026,54.41961157
Sperm Whale,13.72522624,29.93657892,22.25126975,2.892604056,148.1604422,11.5604415,979.767635,13.34388922,75.44842793
Humpback Whale,18.85713561,41.32359855,27.52460645,4.600889587,548.6392565,21.42436904,1451.382442,12.76840414,78.3493018
Blue Whale,21.70562262,53.37847295,33.6648249,5.702680792,602.402622,21.98778484,1628.440293,10.01114296,93.8217171
Gray Whale,18.45550651,45.39143005,32.18884654,5.361129884,591.1758172,19.90444751,1537.912859,12.49909638,53.62789947
Humpback Whale,11.61900554,36.04540839,14.03817223,1.882030568,83.94426813,9.779499545,805.4849707,9.633887631,91.84213568
Humpback Whale,18.7396122,48.05113046,30.10458341,5.093690397,465.0579979,22.25053571,1269.254808,11.49447349,59.04189392
Blue Whale,14.04659206,34.96239003,21.16482333,2.785080927,276.767786,16.11152749,931.3113008,14.0588262,43.28275192
Humpback Whale,23.91478337,60.79349747,33.85498995,5.906275532,652.8655357,21.57284852,1827.326391,13.59340385,84.48273119
Gray Whale,22.5577031,54.61719119,32.89494244,5.446967654,555.2043024,23.47004269,1615.095727,12.03036589,95.81516848
Humpback Whale,16.84961898,47.19669777,23.38626415,3.216891147,287.1735839,15.24533918,1118.668945,10.05038685,121.7581795
Gray Whale,16.85221957,40.72035018,25.56538234,4.140812542,451.5743313,16.38052535,1184.289177,13.29117542,46.0054947
Blue Whale,15.44673746,38.26247501,23.7130237,2.636870568,345.3983342,14.24373968,1021.301635,12.03876248,83.9783937
Sperm Whale,20.96238131,45.5354979,27.44943354,4.660404481,442.9040575,16.2071465,1275.882452,7.359368804,61.80397512
Humpback Whale,23.9622862,54.86159529,33.55920367,6.290275734,739.6977577,24.76365404,1824.17174,13.56525965,85.66717421
Sperm Whale,18.37642535,35.11244199,25.44439029,3.393321054,381.0792471,12.39480606,1095.152126,11.95153433,40.59020898
Gray Whale,22.4095039,55.8633742,30.72669102,5.63532105,597.4431977,19.5592984,1579.757491,14.4049025,44.74460449
Humpback Whale,18.07101864,41.49039746,28.15107929,4.173731473,408.5335218,13.72779351,1307.597491,9.809458962,54.48250354
Fin Whale,16.51939221,37.02342111,26.16794559,4.050411511,384.9857787,16.65636929,1258.891572,5.646592374,71.57928091
Sperm Whale,19.70541946,41.68404836,25.90620438,5.276712997,437.6493817,19.27123764,1671.859167,12.55816772,57.17837467
Humpback Whale,15.70656087,37.16156427,22.43341676,3.122253903,315.1579559,15.20563828,986.4768452,12.58312735,83.18108688
Sperm Whale,18.49351146,35.83260647,29.06632297,3.567925614,292.7239478,15.70024739,1422.160847,8.618656745,90.53789237
Humpback Whale,16.16519075,39.42574511,20.85040158,2.682160955,328.2047616,12.86402092,1178.052894,10.04300091,81.99155082
Blue Whale,27.07291107,73.98890036,40.85954227,7.703486239,775.5758628,28.78764026,2109.744523,17.51043549,102.3757528
Sperm Whale,18.80982125,43.13540513,31.1357031,4.876934669,581.5184308,19.03995034,1532.665839,11.38877877,78.31653259
Fin Whale,15.36489259,40.05724852,27.36842797,3.565413705,357.5434039,17.83381461,1209.332747,13.46191795,45.66206579
Fin Whale,21.36391097,48.8069769,30.78080169,4.672911534,527.9330348,19.08542227,1593.461827,10.69868035,97.26753027
Gray Whale,18.4473212,50.24793596,28.13101131,4.603447512,448.3942558,19.91281329,1611.598284,7.819394202,57.89687529
Humpback Whale,16.96323101,54.05061704,31.51892213,4.759258911,445.8235284,21.72267768,1483.221263,11.65948351,88.20836999
Sperm Whale,22.8452454,47.99413805,37.16279953,6.218764783,681.4765733,23.6289984,1765.819182,11.46879088,101.4746843
Gray Whale,25.52303036,59.66522292,36.50276236,5.857550039,511.960955,22.2052032,1722.096767,11.20024352,79.13376021
Sperm Whale,17.8719245,42.83332225,26.9876294,3.997749368,468.3580627,18.39239335,1165.918932,11.77071833,40.07682374
Humpback Whale,18.53521781,46.44688149,24.92855911,3.672923485,413.2538907,17.21539669,1277.616795,12.52853654,51.63575667
Fin Whale,18.98162257,47.76536278,26.688801,4.571702869,390.1396121,18.91555358,1524.392721,11.6997661,96.45488934
Blue Whale,10.69342569,18.61709936,17.23350122,1.122903936,31.8885707,10.14109324,541.6108067,9.471987664,66.61754629
Fin Whale,14.85831223,30.22243758,21.74565007,3.013777313,311.0852602,13.61056534,864.1741914,12.97236958,71.5914707
Gray Whale,25.17722253,62.42236193,41.00444279,6.157378155,698.7620241,25.89168378,1991.032767,8.101256489,85.17648832
Blue Whale,26.84726317,75.11964826,41.17070647,7.287636734,738.4266629,24.59315345,1977.273221,7.899285085,83.92645724
Gray Whale,19.32555365,47.11812577,25.49962316,4.77699961,512.03924,16.97209819,1333.585041,13.47836099,75.57599625
Humpback Whale,21.6381374,66.42463699,35.56323701,5.956752703,620.7078972,19.52914274,1659.435079,13.01404054,65.82663258
Blue Whale,22.23704297,53.43169779,29.87137967,6.813392064,509.128749,18.04445841,1472.375814,11.88520927,63.74663109
Gray Whale,32.14056348,83.40453587,47.70534231,9.793221225,1065.029794,29.88095785,2480.196098,9.20910299,87.15797651
Humpback Whale,23.72255449,55.86632697,37.21784988,6.177335069,650.2358499,24.79722466,1962.194011,10.58417812,81.07139062
Fin Whale,20.02483948,39.44929052,33.22382943,4.760391489,532.0159035,17.7027546,1324.491865,11.4745065,64.85399999
Humpback Whale,15.27937026,30.612835,30.48659447,2.678566172,381.0712689,17.20506717,1005.773632,8.808212063,91.64224626
Sperm Whale,13.60239588,32.05827741,21.5747682,2.550030645,237.4399723,13.64364222,874.74129,10.52194268,67.4193177
Humpback Whale,20.80473555,54.98518875,30.85438858,4.888667425,554.7065075,16.87684612,1644.407823,13.30466068,52.96675651
Humpback Whale,18.06049258,33.01783755,26.53090683,4.32316902,451.9162721,18.28454819,1215.585058,14.85461073,54.82058602
Sperm Whale,14.78568339,37.40814706,23.24178859,2.591849298,243.9786486,15.93258245,955.7530938,11.16113049,50.42518327
Gray Whale,17.3886815,39.82582013,25.47922744,3.971757716,324.5231746,15.42598311,1278.13537,13.51297671,64.55179967
Gray Whale,16.49157428,37.75538902,27.10113469,3.059899074,327.795055,16.51419107,946.8874554,8.171879859,94.67448557
Humpback Whale,28.13877409,78.30680276,40.58299133,8.400138129,907.9878468,25.03557007,2139.970138,13.31890248,53.89809638
Sperm Whale,24.08436933,65.06387366,36.28532472,6.161838252,607.9571816,23.72189978,1846.917418,10.39210317,73.76951522
Sperm Whale,19.97846205,48.56167506,31.28401266,5.90431956,480.4917862,17.43911262,1456.278728,12.61469123,56.86621309
Fin Whale,24.60794032,63.30336854,39.72283805,7.626992089,787.2122469,22.33356365,2118.5729,11.50449516,64.79381917
Gray Whale,19.24435957,40.16934269,32.14209085,5.357085825,511.2310529,19.54383885,1414.329298,14.64082802,39.79917576
Blue Whale,16.24963849,36.06882299,23.59778842,3.892440272,295.8536647,16.3074053,1311.341429,10.2511287,65.58923542
Gray Whale,25.48298411,67.22183773,38.02214096,7.481584765,830.2552267,25.29713692,2048.542794,13.2552126,66.1258924
Gray Whale,21.96866887,51.53102289,31.0331518,4.844528776,713.005844,19.78757906,1654.963256,11.44098507,80.80575888
Fin Whale,15.90766531,36.89676131,24.65552554,3.304689071,323.1022652,15.05121726,1134.976482,11.68338904,74.46561827
Blue Whale,19.76833804,48.10019528,30.41584094,5.137070968,420.5356235,19.77723479,1422.654986,11.63229221,46.0321575
Fin Whale,16.42702821,38.36830105,25.66183621,3.662124028,264.9406881,16.40774093,1315.561901,10.30865379,91.68396488
Blue Whale,14.95530272,30.15639032,25.05218648,2.22320548,263.9948475,14.83380314,908.3521814,11.97180207,74.2060608
